{"graph_7": {"_type": "graph-file", "path": "media/graph/g.r.a.p.h._.7_summary_28860210.graph.json", "sha256": "2886021064f0a15f769c326a22906970cfde453480b75076f3666a5e560bd276", "size": 9440}, "Train Loss": 1.0329266786575317, "Learning Rate": 0.04997417618121072, "_step": 86, "_runtime": 343, "_timestamp": 1606702065}